<?xml version="1.0" encoding="UTF-8"?>
<project-private xmlns="http://www.netbeans.org/ns/project-private/1">
    <editor-bookmarks xmlns="http://www.netbeans.org/ns/editor-bookmarks/2" lastBookmarkId="0"/>
    <open-files xmlns="http://www.netbeans.org/ns/projectui-open-files/2">
        <group>
            <file>file:/C:/Users/Neha%20Meena/Documents/NetBeansProjects/WeatherMonitering/src/java/WS/DailyWeatherSummary.java</file>
            <file>file:/C:/Users/Neha%20Meena/Documents/NetBeansProjects/WeatherMonitering/web/META-INF/context.xml</file>
            <file>file:/C:/Users/Neha%20Meena/Documents/NetBeansProjects/WeatherMonitering/src/java/WS/WeatherServlet.java</file>
            <file>file:/C:/Users/Neha%20Meena/Documents/NetBeansProjects/WeatherMonitering/src/java/WS/WeatherData.java</file>
            <file>file:/C:/Users/Neha%20Meena/Documents/NetBeansProjects/WeatherMonitering/web/index.jsp</file>
            <file>file:/C:/Users/Neha%20Meena/Documents/NetBeansProjects/WeatherMonitering/web/style.css</file>
            <file>file:/C:/Users/Neha%20Meena/Documents/NetBeansProjects/WeatherMonitering/web/index.html</file>
            <file>file:/C:/Users/Neha%20Meena/Documents/NetBeansProjects/WeatherMonitering/src/java/WS/WeatherAlert.java</file>
            <file>file:/C:/Users/Neha%20Meena/Documents/NetBeansProjects/WeatherMonitering/src/java/WS/AlertEvent.java</file>
            <file>file:/C:/Users/Neha%20Meena/Documents/NetBeansProjects/WeatherMonitering/src/java/WS/WeatherSimulator.java</file>
            <file>file:/C:/Users/Neha%20Meena/Documents/NetBeansProjects/WeatherMonitering/web/weather.jsp</file>
        </group>
    </open-files>
</project-private>
